{
    "loss": 4.371182441711426,
    "accuracy": 0.4313725531101227
}