{
    "loss": 16.66683578491211,
    "accuracy": 0.4313725531101227
}