{
    "loss": 20.54823875427246,
    "accuracy": 0.4313725531101227
}