{
    "loss": 20.32119369506836,
    "accuracy": 0.5686274766921997
}